order_id,order_date,shipped_date,status,comments,customer_id
TVVNELOYG8,2022-10-04,2022-10-11,shipped,,Q9SAQH36TO
S76JHBINNY,2022-10-05,2022-10-15,shipped,That door data their should reflect serve.,KKVJBOFBSD
GC9143F28L,2022-10-30,2022-11-05,shipped,Perhaps late than thing figure student tonight civil section even offer hair against.,CXMWU4JPKK
3BD2MFM6NO,2022-10-21,2022-10-12,shipped,Including green civil past bar husband likely speak form my.,4HU8U8JU53
IRS18OQW4P,2022-10-08,2022-10-09,shipped,,CH3RC5AHKB
OZ5YQYIYOV,2022-10-16,2022-10-25,shipped,,KPLZRH5L6S
XDVPSW20LO,2022-10-17,2022-11-28,shipped,West such professor can exactly let trip character.,S3PLZD7VC6
5UWQ71ENW6,2022-10-23,2022-10-10,shipped,,7JTE1ZGDRY
TZI0CTNIWZ,2022-10-31,2022-11-22,shipped,Word technology physical make tax two individual may property.,RPSR5GHU1B
FARS37V9LZ,2022-10-17,2022-11-02,shipped,,PNFI5WEGMW
LF2NDJPHJQ,2022-10-22,2022-11-20,shipped,Moment travel chance nearly four third international.,U6GZ4QHCAP
DMCQIGI9ST,2022-10-10,2022-10-21,shipped,Tend door over despite way improve.,GAXXR7QI1V
K3YQXRX3EW,2022-10-20,2022-11-03,shipped,Leader important movie discuss good up later east something research word the company.,98UAWR5ANB
I4QU8TWOCG,2022-10-19,2022-10-31,shipped,Clearly fine pull PM everyone world.,TA6NK236SS
WPPCWUIZYA,2022-10-24,2022-11-26,shipped,Physical trade movie song through wish place state national road these source those.,QMYPRWU142
0VQD1TX4PW,2022-10-14,2022-11-01,shipped,With program company shoulder establish ten standard past society collection effect.,F7I9G9VBSZ
68LJTHS5XD,2022-10-20,2022-10-09,shipped,,21DHW37GLN
LUQK561VTX,2022-10-10,2022-10-07,shipped,,XAGBVUH0XO
F4209FJM53,2022-10-27,2022-11-03,shipped,,Z5LXYA5S3S
3NQUH0SBOU,2022-10-09,2022-11-26,shipped,Almost here common real among real area.,Z8P8A5SXDH
SUDGLLCP82,2022-10-26,2022-11-02,shipped,,5K9DLBTA8W
CSTC9KTCFR,2022-10-21,2022-10-13,shipped,Oil little thing never from short commercial fish.,9QHIS5347H
5Y8KSUF8O1,2022-10-10,2022-10-23,shipped,Remain year example condition arrive company another whole win concern.,NKU39IANYY
K160VVD8IN,2022-10-23,2022-11-05,shipped,,ZZN6KBC20Y
ONVTQ24ZYL,2022-10-25,2022-11-24,shipped,Yes work north local least religious director year case performance light thought.,3SHKUQCHP2
KY18J3381S,2022-10-17,2022-10-07,shipped,Operation usually raise instead them thing give sing create.,H7JAT64W55
LVQY0N3V0D,2022-10-29,2022-10-14,shipped,Full teacher start if cut story manage if movie the else.,8U6UPW3ZOI
3Z4VFQS5S9,2022-10-22,2022-10-02,shipped,Happy court camera significant piece common manage write forward home admit list improve.,ZG4PLEIEPG
ZKMXHA1EKT,2022-10-15,2022-10-14,shipped,,TBLV7JW3LM
W1KRA1ML6X,2022-10-17,2022-10-20,shipped,Cold hot product soldier arrive they build section those political although career best.,ECRUGRIQVU
LEFVT94YPI,2022-10-24,2022-11-05,shipped,,HEZHXQJVA2
AX7W0HY2L1,2022-10-25,2022-11-23,shipped,,Q2XEBTV655
H31VU5T4P2,2022-10-22,2022-11-14,shipped,,QLYUL1IDP3
KG8BAYLM61,2022-10-11,2022-10-25,shipped,Rule increase popular knowledge capital game forget actually face large significant than.,OOC15BIEPN
4QGEZ5CONJ,2022-10-31,2022-10-11,shipped,Your response reduce like performance economic item spring if speak.,PDACDUW9R7
FKURGRESJE,2022-10-14,2022-10-06,shipped,,XL2XED2YVI
W9IBJ0JWQK,2022-10-11,2022-11-02,shipped,Interesting leave cold quickly guy vote Mr security common.,FEHB00UGGS
F5GZVLTLH1,2022-10-30,2022-10-20,shipped,,X21FTWA4WP
UADCK7SZ8J,2022-10-10,2022-11-09,shipped,,TE14EVG8PQ
LGYSXIM3Q0,2022-10-20,2022-10-14,shipped,Message suffer lot certainly fear avoid happen house hard major.,Q56XAPPETE
I6VHV3Z1SA,2022-10-29,2022-10-13,shipped,Fight forward own institution federal knowledge night center.,HTC5XCX9Q6
YRZCPFJCBI,2022-10-29,2022-10-07,shipped,Positive alone really cultural new success believe education.,QTVU5RUCID
HBFJUYH760,2022-10-21,2022-11-18,shipped,Player body particularly throw get movement draw board local admit company.,3SHKUQCHP2
M65FTYLW0H,2022-10-12,2022-11-16,shipped,,70H8VHTO5M
R06QCAKYSY,2022-10-27,2022-11-10,shipped,Effort trouble hour message citizen many room person customer.,DLU5U5SWVE
A5AGN5T98S,2022-10-19,2022-11-26,shipped,,75KDXAVIX0
ME0Y9U9BI5,2022-10-15,2022-10-07,shipped,Painting ok discuss usually method prepare event beat pick behavior usually education.,SOQU6RL6JD
2KKNCWEYWH,2022-10-11,2022-10-09,shipped,Anyone north four agent those require.,75KDXAVIX0
ABERFWRFBL,2022-10-06,2022-11-25,shipped,Forget scientist thus his music myself exactly weight these.,OTGC34J4BI
99V9UTBILF,2022-10-15,2022-10-15,shipped,,TD5JO2Q0UU
8GQG4RHL6H,2022-10-06,2022-11-15,shipped,Born continue believe product threat fly power sister you foot arrive deal writer.,O6JCPPJTRW
WEEALFSHY3,2022-10-26,2022-11-17,shipped,,5UJQSMH9ZK
RQL3UQLDSA,2022-10-02,2022-10-05,shipped,When issue rather seek cell program face response leg leader return house magazine.,7ENH2VZ6AJ
8BAQ8TL931,2022-10-02,2022-11-01,shipped,Senior prepare them himself call appear want he off film wait left.,Q2V4XM2JQL
BDWUEOTRWI,2022-10-18,2022-11-08,shipped,Enough must word deep draw wait air beyond want ground always report here.,LR1SIO46WA
K5P807J3JX,2022-10-12,2022-10-29,shipped,Someone point group hour moment cell what resource.,CFX172E55M
DQLWCVQXNR,2022-10-27,2022-10-08,shipped,Kind thank believe very capital skin list ago pay particular cause while baby.,SQ24SC0YR2
YIVIIHM6XY,2022-10-18,2022-10-19,shipped,,KJ5IUXZD9T
GA9LSEH2BP,2022-10-23,2022-11-10,shipped,Bill tough sister wife executive bed doctor several live resource concern look seven.,OOC15BIEPN
VHIN6LEF0O,2022-10-25,2022-11-10,shipped,Instead decision interesting language ready shoulder south play.,O1876EYEJ8
JXNM6GC24C,2022-10-13,2022-11-24,shipped,Tell back relationship better conference least green international dinner enter line.,PQNYO55JLY
PGB43DF82Y,2022-10-14,2022-10-10,shipped,It cultural indeed table with put present building.,XRSIDTQY2N
3BDLQR756M,2022-10-23,2022-11-01,shipped,,WJS93BWZ5H
FSQ79WHAXC,2022-10-27,2022-10-11,shipped,Nation all work drop young upon product side.,VGBDQ8WM44
3T4BBSJKT6,2022-10-28,2022-10-11,shipped,Film than add cover this occur.,HTC5XCX9Q6
RT1JNQCAYH,2022-10-15,2022-11-10,shipped,,IB2I920IFI
A3SML9M4CG,2022-10-14,2022-11-22,shipped,Order detail entire three kitchen political budget.,KGJLH1JEA2
5V2GXRGMSZ,2022-10-26,2022-11-20,shipped,,FF9YXNUQTL
LJNKHQP9L4,2022-10-12,2022-11-27,shipped,Brother pick teacher should personal so new company young.,TA6NK236SS
A3KMDHWJE7,2022-10-17,2022-10-09,shipped,,FEHB00UGGS
56TDU4F59H,2022-10-15,2022-10-05,shipped,Direction available up network add might.,PUZ69UMRF4
XA8NF8NOZR,2022-10-06,2022-10-05,shipped,,PXWRG4ADJ6
V1JS8KQUS5,2022-10-28,2022-10-13,shipped,Shake young suggest people item should.,4DE0JW3LW2
KS3K1K4GYO,2022-10-26,2022-10-09,shipped,,DNHQQSKU29
YOCSUX9ATC,2022-10-18,2022-10-04,shipped,,EV1Y6COB3O
1YQMALYOO8,2022-10-12,2022-10-22,shipped,Happen create pick firm my cold participant plan wonder one money read happen.,TE14EVG8PQ
20I94ZVJ8Q,2022-10-18,2022-10-25,shipped,Few source tell window letter up lawyer drop.,8SACK64J71
T1I9L4HHML,2022-10-18,2022-11-28,shipped,Ability painting several science speech former.,7JDEQ57CBT
QA603QKSHP,2022-10-19,2022-10-16,shipped,,BZVKNAN4GC
9I3GZODSCX,2022-10-06,2022-10-03,shipped,Dream drug significant hold for off discuss no.,XH25PEAOLK
9I36SMMKLE,2022-10-30,2022-11-15,shipped,Room door machine item enjoy specific or character in design.,KT5P4XHYC8
DBUXH2AXQZ,2022-10-31,2022-11-29,shipped,,LTLUIII6SK
IP299YU2R9,2022-10-18,2022-11-01,shipped,Well author nor reduce address pressure if prepare home speak garden.,PUZ69UMRF4
XD5V5EFII9,2022-10-27,2022-10-02,shipped,,M4IC2OWMQP
O3P4MRM8HX,2022-10-10,2022-10-24,shipped,Very once sing inside wear another might drop.,D4HGPA114N
S0KLGRAXGR,2022-10-26,2022-11-17,shipped,Everything owner admit project along father.,C9GZDNE5R3
D4PIVKKDQL,2022-10-08,2022-10-24,shipped,,2VVLESC1FA
FWLE2FKIQI,2022-10-26,2022-11-20,shipped,There during key money who hard and.,QLYUL1IDP3
NE0UY0UVB9,2022-10-15,2022-10-31,shipped,,51OLEA4NYR
VSGYHTISBK,2022-10-05,2022-11-04,shipped,,BK8E5BGUG9
M2FHJ3DL8P,2022-10-29,2022-11-24,shipped,Age face fear treat yes soldier nature.,9Q9G3TC8H1
195OOE3MA5,2022-10-15,2022-11-06,shipped,,2RTKMROPF4
BPEV28F81Y,2022-10-05,2022-11-17,shipped,Challenge unit whose among key pass buy enter the after necessary.,J3VOWI3L1X
E4Y1HUGZ1E,2022-10-21,2022-11-03,shipped,Detail buy research bit election my.,Y8YA32816N
SJITBV5LUT,2022-10-18,2022-10-10,shipped,,DKLEZDNIP3
SC7035QEW7,2022-10-15,2022-10-25,shipped,General quality hotel ready fire suggest above population page win miss job.,RAUU1EQ6DE
6CYGVS5MZJ,2022-10-12,2022-11-05,shipped,,Q4JI26YUEN
7JFKWHEO33,2022-10-24,2022-11-16,shipped,,PWO2MDRTZM
GM3YMD0FGA,2022-10-05,2022-11-26,shipped,Quickly quality artist especially soon low begin among.,DLHSZGPX54
3ZZ993RP5B,2022-10-27,2022-11-15,shipped,Best close quickly tonight chair leg for hold cause.,5K9DLBTA8W
R3L8ECCDPK,2022-10-19,2022-11-09,shipped,Care catch development himself realize bad look teach.,6MTR9KFL6Q
8VZ49MIOFD,2022-10-18,2022-10-17,shipped,Worry attorney room artist foreign deal strategy fish eat make other per.,9YNO1XLUA1
QHZ41H9QZM,2022-10-22,2022-10-09,shipped,Agent meet blood politics character media trade as responsibility blue necessary billion defense.,1EQUXF306C
J5ZISNF290,2022-10-18,2022-10-27,shipped,Modern technology discover role team view quality.,F0FFCZRHRI
BOH5ALDXK2,2022-10-03,2022-10-12,shipped,Everything although kid growth sea develop.,TX9ES3W16H
BZ8WKXAQ42,2022-10-17,2022-11-15,shipped,,UIYSUFHEIE
JCS6EA0AGQ,2022-10-07,2022-11-10,shipped,,L5DX3SETO8
WLDQL9ULUI,2022-10-06,2022-10-04,shipped,,28UWLOQU4P
ZWNYPJO7DY,2022-10-03,2022-11-22,shipped,Wall necessary father interview race former need carry.,LYT1BFTM6D
FFVRHPJ02T,2022-10-12,2022-10-26,shipped,As sense want while understand goal magazine.,CFX172E55M
UV35DIJWI2,2022-10-31,2022-10-18,shipped,,6U48NF6UPU
0O0IDITQ2B,2022-10-12,2022-10-26,shipped,Address leave right reflect magazine provide property course woman then personal loss car.,0SA7ZQ19IF
FYGXZREQRY,2022-10-17,2022-11-29,shipped,,E1RAN7JL40
W046FLUXIM,2022-10-03,2022-10-13,shipped,Story quickly share bed manager traditional land security candidate glass.,D7Q0ZXUNAT
GL86Y41F6X,2022-10-22,2022-10-26,shipped,Scientist teach professional approach any western of factor per month.,WP6MD6603J
ONZBKWV9UP,2022-10-20,2022-11-11,shipped,Black compare large media network class on prevent fly executive member turn apply.,TZJWG0NB2H
ZTLNGABCID,2022-10-13,2022-11-11,shipped,Minute stock outside picture throughout cup could pattern feeling staff this particularly.,J8V5KWFUUE
W95HCJVJBI,2022-10-31,2022-11-19,shipped,,TX9ES3W16H
GQQ2LCTOLO,2022-10-01,2022-11-22,shipped,,RF124W015B
3DRMV4B9PQ,2022-10-07,2022-11-28,shipped,,1EJOAA3WK3
1A0E5G5N4P,2022-10-19,2022-10-05,shipped,Live course agent interesting next five need have picture walk peace two.,MQGS43S9JA
SRH29ILEPN,2022-10-14,2022-11-21,shipped,Music stay official rather executive realize matter it peace site store.,4ACMEMAXYX
B294PQX7N9,2022-10-20,2022-11-10,shipped,,L1P8SG9FH7
I4QHTUMLH9,2022-10-02,2022-11-23,shipped,Turn statement than decide require program method even base modern them term focus.,X60JCMZCPF
GLRNOHXOM7,2022-10-10,2022-11-01,shipped,Nature science up certain dark be.,RAUU1EQ6DE
K0R60UOQ7E,2022-10-13,2022-10-28,shipped,Ever add rate matter soldier national spend.,C5OPT0ZRQM
R9EVDRP1A2,2022-10-03,2022-11-21,shipped,Everybody live series item pretty seek summer any performance.,GV4KIGIXN5
33EMVZS1HZ,2022-10-20,2022-11-10,shipped,Follow must lose find may establish part debate international box even.,TE4R2T3Y24
SN7G52ZN1I,2022-10-20,2022-11-28,shipped,Market time think pass suddenly relationship local certain writer contain fill from.,ZEYO8JW6BI
F6CMU5V4V3,2022-10-02,2022-10-09,shipped,Pattern however site focus network gun population.,U33EGQO9N4
L0UMZXMQF4,2022-10-28,2022-10-12,shipped,Worry adult fast itself road poor during man capital.,79P97F1OJ6
3BV36G6M0B,2022-10-26,2022-10-18,shipped,Where back democratic agency that wind us industry somebody official TV role.,EF9FXYL2IO
5TBDB8B06A,2022-10-13,2022-11-24,shipped,,UBX5XMO9P9
03KF21KL74,2022-10-25,2022-11-28,shipped,Idea minute floor friend return forget service member machine cause pretty.,TJ7HJ0PR82
MZA6LCLDS1,2022-10-30,2022-11-25,shipped,,TD5JO2Q0UU
E6K5L9401I,2022-10-12,2022-11-13,shipped,Part not bit you yard hair art.,CAKNOCMIKF
CGSKKI5H9S,2022-10-26,2022-10-30,shipped,,VH5NJEKR57
3VZ3206WB6,2022-10-03,2022-11-26,shipped,See ball party individual each fear middle social none try let.,GAXXR7QI1V
2D8AHS48CN,2022-10-09,2022-10-14,shipped,Alone almost boy more cultural will little follow develop remember miss participant gas.,5MSQS3BSV6
WUC5YGEW3M,2022-10-25,2022-11-19,shipped,Charge available personal project happy bring amount sense interesting direction.,Q9SAQH36TO
ZSCZH2PCMZ,2022-10-29,2022-11-18,shipped,Environmental almost read establish office also ok political carry past music perhaps.,Z8J2DGBV50
7Y113IGTYD,2022-10-17,2022-11-21,shipped,Drop subject their trip ahead age get.,JM4WZCGJ0R
V4V50RDHHE,2022-10-25,2022-10-11,shipped,Seek teacher gas deep international medical bed see whatever.,J8V5KWFUUE
2QWPP9SODP,2022-10-18,2022-10-20,shipped,Subject call positive degree once wind only successful themselves management protect.,H6S7WNX1PL
OPQUCHO84Q,2022-10-02,2022-11-04,shipped,Last reveal often throw surface realize house mouth expect image.,8XHRA8VY0K
OUOMTU3EF9,2022-10-17,2022-11-15,shipped,,3SHKUQCHP2
ZFM9JK2PJP,2022-10-12,2022-10-24,shipped,Instead program simple hotel born along ready artist arrive tonight back party mind.,67L8M0RYDE
CLLKXWJUTN,2022-10-16,2022-10-06,shipped,Fear tell rest finish still woman trouble society chance address even professor.,GV4KIGIXN5
TR7KPC3QTY,2022-10-06,2022-10-11,shipped,,6U48NF6UPU
CDAT81ADEB,2022-10-02,2022-11-03,shipped,Threat clearly dream maintain through man keep significant third can can.,N3B9ZIOVD2
YMJJ123LUG,2022-10-22,2022-11-18,shipped,,YZA1JQ1YTD
28DYEKRCFI,2022-10-20,2022-10-22,shipped,Join cold build war commercial national.,MD7EVE6PXY
KF73M721QA,2022-10-31,2022-11-22,shipped,,7ENH2VZ6AJ
0YS3WD3H15,2022-10-02,2022-10-13,shipped,Have up wall often growth person effect learn writer generation idea unit important.,X60JCMZCPF
XEVXBXUC7T,2022-10-07,2022-10-31,shipped,,Z15FVB5AZ7
DNH7AZK34A,2022-10-04,2022-11-06,shipped,City claim star point behavior herself push hot range finish.,N7S0OONGRF
69VQ2K7YMK,2022-10-18,2022-10-29,shipped,,F1Y58CA6UV
L5WWRQD343,2022-10-30,2022-10-19,shipped,,20TN95WA52
68FKD1DHBY,2022-10-25,2022-11-08,shipped,Religious experience exist amount go or beautiful indeed finally.,F7I9G9VBSZ
JM5LFFIXY8,2022-10-14,2022-11-03,shipped,,1MU4KLM4WK
YR0WWRV6FA,2022-10-10,2022-11-06,shipped,,LZGGQFF20O
XOJ2V7F0H9,2022-10-08,2022-11-20,shipped,Player agency right measure loss can across form herself.,DYI05ZZ985
9OD5WJL0DA,2022-10-09,2022-10-11,shipped,Program board opportunity true task role.,6XPRYDUFLB
U8A2FMYK3I,2022-10-01,2022-11-11,shipped,,98UAWR5ANB
5WBN8216MO,2022-10-26,2022-11-13,shipped,Speak shake but above east which really.,2VVLESC1FA
6L5F3M0618,2022-10-17,2022-11-24,shipped,Program onto which hair source challenge.,21DHW37GLN
PSX2MV2HKQ,2022-10-01,2022-11-11,shipped,Forget ask scientist increase necessary become prepare.,0AC1GPGLZL
4G6OEH5DH9,2022-10-20,2022-10-14,shipped,,8CE5OXFFFF
5Z6WS7AQOI,2022-10-22,2022-11-15,shipped,Room movie economy defense region vote movie sea there hard.,RXA5KRWZQT
8JXX4EJHHH,2022-10-10,2022-11-13,shipped,Which wear activity approach chair moment rich imagine figure wish general.,XRSIDTQY2N
R9KQ3D77K2,2022-10-06,2022-10-22,shipped,Mrs hit statement president something prepare always current style cultural national.,O4K2USN6NK
W6VXLJVM1F,2022-10-24,2022-10-30,shipped,,75EA0V96AL
ECW4U8TPFB,2022-10-01,2022-10-21,shipped,,VDCXBG6YOR
PNMOIFU64E,2022-10-15,2022-11-12,shipped,Position side both role reduce land lay.,WSWO0H5BO5
TA8S2ERMJR,2022-10-13,2022-11-29,shipped,,HMMC92FNYM
IZT301BAIT,2022-10-26,2022-10-15,shipped,Degree say hard authority meet stage.,H5XDYHUS8J
EO20O8ZM13,2022-10-30,2022-10-31,shipped,Also natural seem maybe offer investment lawyer relationship until situation.,HBC35SDTHI
ONHR5GMXXE,2022-10-30,2022-11-14,shipped,,RS2CAWY3US
T3AM1WX1NT,2022-10-10,2022-10-04,shipped,,1IJQR1MEEG
YY70C12RXJ,2022-10-27,2022-10-24,shipped,Agreement citizen range nor enjoy while allow democratic student hand seven oil short.,K15CUKFP0U
BJCKTRYMZP,2022-10-04,2022-10-18,shipped,Ball worry population lay cause environment discuss black expert peace.,FVOU2BLRQC
2UEV7WOH4R,2022-10-25,2022-11-04,shipped,,7JDEQ57CBT
F8TOO30NWO,2022-10-18,2022-11-13,shipped,Activity style director college affect believe major recently board see happy.,COTRWTLT9G
FLUUSYO9V3,2022-10-03,2022-11-10,shipped,,4UKA0ZCIG0
SJZZ2LZWSZ,2022-10-12,2022-11-22,shipped,Law color apply animal technology machine success.,GLHCG325FM
2D6YMTHBMJ,2022-10-29,2022-11-13,shipped,Street organization body real choice case professor school become tree.,K9UVF46YE4
PBYEAIBUCJ,2022-10-15,2022-11-19,shipped,,94UO1KXMZL
CMQU1FZWUM,2022-10-09,2022-11-11,shipped,Experience why gas community evening appear thus nice.,HRB8UTA3CY
B6NHS62EHP,2022-10-10,2022-11-19,shipped,Central out arm almost sing focus.,UDGZFBFSQ6
VEEQHPYWLX,2022-10-21,2022-10-16,shipped,Sister half office stay thought address security show.,NTH17K59IU
9NK0PCU5CG,2022-10-22,2022-10-13,shipped,,Q9SAQH36TO
SMP0MH6GRZ,2022-10-23,2022-10-04,shipped,As me second through along into voice firm guess nearly rate north.,35QAB5AR37
VRCM38WBJN,2022-10-13,2022-11-14,shipped,,SRXZZLKVUX
RX5XDC30FH,2022-10-29,2022-10-29,shipped,Marriage share group country hospital fund.,8P76KRJ68R
DGGKVRQWLB,2022-10-01,2022-10-18,shipped,Case continue build spring drop window read stage institution.,H15MKUR37L
KC5GP92NWA,2022-10-05,2022-10-11,shipped,,0CLRQ1LX43
I08SY8DQ9W,2022-10-23,2022-10-24,shipped,Positive claim operation weight entire score matter put.,SQ24SC0YR2
P5KWRI7ZPT,2022-10-07,2022-11-07,shipped,Wall suffer fight model up whose doctor boy interest fast what continue group view.,TZZ0ATRCBO
BU3QVW0FHF,2022-10-13,2022-10-12,shipped,,60W2A9WZCH
LLE4TYJ9OV,2022-10-30,2022-10-11,shipped,Particular we system you plant we eight prepare.,5ZN67IIMH4
P6UD0OT441,2022-10-02,2022-10-21,shipped,Within off country move control as.,MR7Y0JVNB8
JSAY2XJ0OV,2022-10-21,2022-10-08,shipped,Claim series marriage eat add history keep prepare explain.,3Z59HLXYA1
EFOC1IXG5J,2022-10-20,2022-11-09,shipped,Agent apply black oil away measure stop challenge choice.,5MSQS3BSV6
BZH3M2QMTI,2022-10-28,2022-11-03,shipped,Moment nice party pull leg everybody political early.,J613BXKUT1
XXG1A8HZHC,2022-10-10,2022-11-16,shipped,Everything choose yet human tend ball president TV scene class.,6GIMYV00DY
C800JT158S,2022-10-14,2022-10-12,shipped,Marriage better the because front already Mr language apply.,BROEDS7IO2
6DDRW9MBKV,2022-10-11,2022-11-25,shipped,Development issue group house painting scientist fire baby similar.,SCXHVIBQ2T
4NM4EJQCUF,2022-10-13,2022-10-08,shipped,Ago figure action owner sell TV education happen then team nearly try point.,E1RAN7JL40
93BLDW5Y7B,2022-10-07,2022-11-01,shipped,Sort prepare represent fill middle everyone hand.,IX7AZI8M7L
504LNU49DT,2022-10-01,2022-11-07,shipped,,3Z59HLXYA1
1G41QT1LSS,2022-10-19,2022-11-14,shipped,,HF6V28SD33
JSIRD2O61T,2022-10-16,2022-11-16,shipped,,8SZ76JX178
3J5WL6UOLS,2022-10-26,2022-11-10,shipped,Catch region window move analysis imagine case attention although break matter.,DNHQQSKU29
KB5U2S9BPY,2022-10-15,2022-10-04,shipped,Strong person art its budget must man democratic push.,09DK890FQB
6YD9DE5BQ9,2022-10-06,2022-10-26,shipped,,I9REV1RUV0
ZNL1S0U3J4,2022-10-27,2022-11-04,shipped,Choose least hope near camera usually capital box center ball when money.,Z2728J1Q35
XH3S3LVMMG,2022-10-17,2022-10-25,shipped,At difference agreement have important style sense at.,J8Y8WLRMRA
YYZV5LHBRG,2022-10-23,2022-11-13,shipped,Finish them policy other performance despite support would side.,J613BXKUT1
GD08OONVUO,2022-10-07,2022-11-24,shipped,Girl land moment fly charge memory especially father meeting.,S0TMHP6FMI
P53DFWCFUD,2022-10-25,2022-11-08,shipped,Decade right arrive speak right culture phone week usually reveal partner only product.,PIZ0NXCQ9C
NR6ZCRY56D,2022-10-21,2022-11-24,shipped,Health pay design threat ago according.,98ISEDXVV7
R2B244J1Y4,2022-10-24,2022-11-08,shipped,Moment they generation person start in some challenge money American form.,GAXXR7QI1V
MCXXKRM0JE,2022-10-27,2022-11-06,shipped,Want pull stay fill large understand eye bed indicate artist parent.,7A8PN3SJ6Y
GO61HD5AS3,2022-10-05,2022-10-14,shipped,Certainly again line to them mission.,K43LWS9DSD
3YUZ9AA8B9,2022-10-28,2022-10-18,shipped,Executive song skill new final tend end someone line bit cost.,1IJQR1MEEG
4G940YS9WO,2022-10-25,2022-11-08,shipped,Support rule agree on instead executive century.,TSNC47F63K
19YWPZOXDP,2022-10-15,2022-11-24,shipped,Significant side law style fear idea research impact major probably paper base.,P4YX5DF0PV
LTU2JQ195T,2022-10-31,2022-10-06,shipped,Best indicate brother half reflect south book report perhaps tough image region usually.,IWNAAUTZG1
QZISY65WNH,2022-10-03,2022-11-12,shipped,American child television themselves field young for pick west.,WQIADI1S2N
BK1LBC3BNB,2022-10-21,2022-10-25,shipped,Price pull improve center perhaps black.,1IJQR1MEEG
M39U5WL9AV,2022-10-21,2022-11-27,shipped,Ten admit entire with health push nearly.,4FGJD9CVK1
3O588LPKE1,2022-10-27,2022-10-19,shipped,Area event mission actually right rise person top special effort mission.,OIZP68WHUW
1K108T0QXL,2022-10-21,2022-11-28,shipped,Onto training which whatever present agent happy billion north.,H1AZ7J5D6S
A061XJ37D3,2022-10-16,2022-10-04,shipped,Fall party mission would people executive.,LBTFYG9CBC
264KBR4PZZ,2022-10-11,2022-10-27,shipped,Assume magazine would near lawyer throw send.,BZVKNAN4GC
29KG7LFHBH,2022-10-09,2022-11-25,shipped,Him hair job always tell agreement sell.,5W6R9C8TPB
YDI2ZR76N3,2022-10-21,2022-11-22,shipped,For religious leg various meet stop.,4UKA0ZCIG0
445QYC4XN9,2022-10-19,2022-10-02,shipped,Brother drive guess memory boy will break head list little.,HRB8UTA3CY
O236EIBXUL,2022-10-24,2022-10-26,shipped,Ahead head level message future contain.,YEQ5YRZC4E
OLDRU46MC1,2022-10-25,2022-11-13,shipped,Their pay me police these last medical grow practice administration whom fact probably.,0CLRQ1LX43
IRH8TSMLK7,2022-10-25,2022-11-29,shipped,Probably garden two voice lay listen baby talk by.,4ACMEMAXYX
I0NCTYD377,2022-10-07,2022-10-04,shipped,,UGFF3AGC0Y
1QL07R4ENP,2022-10-10,2022-10-14,shipped,,63D2JI1U23
G3YDWFIIAO,2022-10-12,2022-10-21,shipped,Trouble in need necessary difficult specific cost medical population effort quickly.,H05X8STE2N
UXCUINZ6O6,2022-10-15,2022-11-17,shipped,Huge day try month or attention garden early machine cover.,21DHW37GLN
G85OLZSG77,2022-10-30,2022-10-16,shipped,Unit think time conference offer article debate seek simply.,LDL47MH5D5
Z6M1LMJ3LO,2022-10-27,2022-10-24,shipped,Teach ready paper once must class.,7SRKAHBJ9Y
9VMGFWLGO2,2022-10-06,2022-10-27,shipped,Wear go spend big ever reality leg investment.,D4HGPA114N
7V15SQ6F9A,2022-10-08,2022-10-21,shipped,Future able mother memory avoid pay son also can any.,VHDYXIALA1
3LULDFBMSS,2022-10-18,2022-11-06,shipped,Work officer central her party amount.,OIZP68WHUW
IJ5HEV7TPV,2022-10-27,2022-11-15,shipped,,GQLRM6NT3Y
ARXRJFXJWM,2022-10-07,2022-10-09,shipped,Up especially local thing protect remember war hold though mind necessary artist.,LSD5J1EL2V
IP986NOEC6,2022-10-09,2022-11-21,shipped,Book just discover debate grow sign.,J3VOWI3L1X
Q309Z60ZW3,2022-10-01,2022-10-18,shipped,Remain nation thus ahead will service determine top.,CAKNOCMIKF
ADQHYSNS84,2022-10-27,2022-10-09,shipped,So color work run short difference fine you worry training suddenly.,KGJLH1JEA2
XJLHRWX653,2022-10-23,2022-10-26,shipped,Find might everything ball better trial daughter.,7SRKAHBJ9Y
IBU6F65ESP,2022-10-14,2022-10-30,shipped,Partner expect year doctor be different.,OTGC34J4BI
I1I41UG75J,2022-10-02,2022-10-27,shipped,Behind arrive onto democratic down sign door should picture heavy.,0XSIP035ED
FQ58XC28R9,2022-10-08,2022-11-17,shipped,Focus unit across wide step himself individual meeting suffer within collection.,FSG6JL36ZU
5MBLOYP1TM,2022-10-07,2022-11-22,shipped,Cost entire view break project fact media truth model whose.,RAUU1EQ6DE
LAOU3HUL13,2022-10-02,2022-10-21,shipped,,XH25PEAOLK
VJ98BCRBKB,2022-10-10,2022-10-24,shipped,Become skin big decade author reality participant.,SOQU6RL6JD
RP69G4BP1D,2022-10-29,2022-10-06,shipped,Figure little back husband far executive international break air carry leave watch.,HF6V28SD33
V3YJHZ3YNP,2022-10-19,2022-11-20,shipped,Size may land decision kitchen research ok to property.,Q2V4XM2JQL
UJ9KPL3Z19,2022-10-11,2022-11-07,shipped,Smile little traditional machine color our finish month amount strategy.,1H99THV9XZ
RNHVN4NAHK,2022-10-27,2022-11-20,shipped,,TZJWG0NB2H
H1Y9YYLSE0,2022-10-30,2022-10-25,shipped,Less include produce these early operation check operation somebody conference.,6MTR9KFL6Q
KZ8B25CDXE,2022-10-24,2022-11-11,shipped,Each hour range entire serious ahead move next stand.,75KDXAVIX0
BJXS61NTOH,2022-10-01,2022-10-03,shipped,Myself challenge nice American respond imagine certainly owner base perhaps first value.,81O4M187XM
EI01YLRQE0,2022-10-09,2022-10-19,shipped,Thing relationship people me natural success increase husband include.,0SA7ZQ19IF
AHCPI09TV8,2022-10-10,2022-10-25,shipped,,YZA1JQ1YTD
OTHZMTXXPM,2022-10-04,2022-10-31,shipped,Whatever design player teacher tell where.,J8Y8WLRMRA
163UM039SM,2022-10-17,2022-10-17,shipped,Tend this remember focus process through necessary section similar.,LS9X7TB40X
XBH6DBBT67,2022-10-04,2022-11-09,shipped,Mr offer white approach discuss sit owner send.,07CLRDLFGZ
QU0ALLOMLD,2022-10-29,2022-11-27,shipped,,52IUZDU5XW
MTL3FREM1H,2022-10-11,2022-11-13,shipped,,FKDRUW596H
B0BBR4BAIA,2022-10-29,2022-10-25,shipped,Economic before teach gas couple first election time them.,TAFAOO2JQB
HV6XZP8N8I,2022-10-11,2022-11-06,shipped,Black idea several water smile wear listen like analysis tax federal race claim.,JEILBAQKWA
BXKOO1DFPV,2022-10-11,2022-11-12,shipped,,5YVF0HX48M
3TWF5IZVIF,2022-10-31,2022-10-15,shipped,,R1E5MHP1AA
FLAKSIYO8X,2022-10-21,2022-11-07,shipped,Only among tonight hear again tough yes.,LZGGQFF20O
UPE2M6BA3R,2022-10-25,2022-10-13,shipped,Form help present important space necessary career.,ZNEKFZ94FA
T9E7OLGI41,2022-10-02,2022-10-19,shipped,Recently common fear plant school word source garden.,5O4D7KZYOD
3GBP6NKFHX,2022-10-31,2022-10-26,shipped,Point public western wife letter major approach according perhaps company for.,PQNYO55JLY
XA8ODWCFK3,2022-10-20,2022-10-16,shipped,,S3PLZD7VC6
Z0MCY94ZL5,2022-10-11,2022-11-02,shipped,,1IJQR1MEEG
JSHENTZLGQ,2022-10-21,2022-11-23,shipped,Whether better no manage page bank.,REIQPNGOB9
6PBLNQ1EX2,2022-10-25,2022-11-27,shipped,Public specific anything economy base friend public he.,4HU8U8JU53
QNGOQZWLW7,2022-10-25,2022-11-17,shipped,Whether rest throw positive work federal week blue detail involve son alone.,8VVZYNRJXL
6NGX2XNFY2,2022-10-02,2022-10-29,shipped,,5MSQS3BSV6
9VRHFJRQR1,2022-10-02,2022-11-18,shipped,Get production star lot move wrong to into require.,29PKB3CNAS
B2TP0DUYHT,2022-10-06,2022-10-26,shipped,Hold approach body soon personal together state behavior staff.,TFDD6CMXHK
IA9AQ60CWY,2022-10-13,2022-10-23,shipped,Anyone must woman will building action job hot.,PJDXGWVZ3A
S934KN5JJO,2022-10-17,2022-11-25,shipped,Blood next quite help run say.,REIQPNGOB9
H3X2OSUZNG,2022-10-08,2022-11-15,shipped,Near line discussion write first sister ago production take these talk election show.,TZJWG0NB2H
476XI8DFGY,2022-10-03,2022-10-22,shipped,,XB5KLDO7PF
D0E2JKDLOQ,2022-10-16,2022-10-29,shipped,Tell thing technology example recent those.,GLHCG325FM
7L4NYODYYS,2022-10-14,2022-11-23,shipped,,MWVO8S3C1F
ES38JMCNRY,2022-10-28,2022-11-19,shipped,Carry hard young test surface college before spring race talk reality condition.,QMYPRWU142
GJARH48AKW,2022-10-24,2022-10-03,shipped,,R2E2N0B5GM
9BXQV3RQF1,2022-10-25,2022-10-27,shipped,Focus customer get condition choose conference soon.,87NMX7OOI5
PJ53Y62Y3W,2022-10-11,2022-10-08,shipped,Anything enter race beat say kid summer beyond.,LS9X7TB40X
QTU9NU6C0C,2022-10-23,2022-10-26,shipped,Talk think possible control energy mind century education size recently.,BZ0LFDS4ZI
JHBVA9XAIN,2022-10-12,2022-10-10,shipped,Sister maintain nothing evidence attention water everything.,QWSPC5UJMI
NFTN7D8NCC,2022-10-08,2022-10-03,shipped,Western event on nation worry stuff table result foot.,7ENH2VZ6AJ
LQM2H2U3OF,2022-10-12,2022-11-17,shipped,,PNFI5WEGMW
VKSTGVFCIQ,2022-10-26,2022-11-22,shipped,Final this might any assume and fly cut low find owner forget production.,L1P8SG9FH7
UD0SRHXZWM,2022-10-12,2022-10-24,shipped,Inside base claim science organization just middle issue really.,BV9YB1QQ22
Q9XKOTN65G,2022-10-29,2022-11-01,shipped,Public better son seat happy consider life subject oil hour.,H1AZ7J5D6S
CSDXO36GPQ,2022-10-25,2022-10-02,shipped,Later bank much billion home moment after father account keep look describe serve.,XZFOZVPB0D
GZOU2UO9XV,2022-10-06,2022-10-12,shipped,Realize lose glass it law health economic cut rest without receive.,9NPZR6930W
IFR780SN02,2022-10-18,2022-10-17,shipped,Surface section able theory language responsibility claim similar drop top unit option.,04T2QGT3JB
945P81LACD,2022-10-30,2022-11-24,shipped,,RF124W015B
6NYIYMCX7Q,2022-10-11,2022-11-15,shipped,,HCDEHNUXI3
5FPRIK5F7M,2022-10-26,2022-11-17,shipped,Buy course gas energy exactly herself shake human staff agreement collection.,191RX0LXG2
XOCML1O5IC,2022-10-25,2022-10-26,shipped,Most throughout adult teach decision paper after occur likely bring item.,5ACRQC4EGV
6Z8I69GV9F,2022-10-10,2022-11-11,shipped,,98ISEDXVV7
YJ6MRYENCI,2022-10-21,2022-11-20,shipped,My realize human rate newspaper plant year just the yeah everybody.,BLCP042TOX
S09OZKQGFY,2022-10-06,2022-10-16,shipped,Sea feeling industry you reach sound story page he tonight.,Y33Z0A3LF4
8A91UBHCTP,2022-10-22,2022-11-27,shipped,Blue TV international national clear still guess message.,GAXXR7QI1V
2NIK5VCFFU,2022-10-10,2022-11-03,shipped,Deal challenge true air really teacher suggest personal several catch a pay.,TSNC47F63K
Y06UVKZ27K,2022-10-28,2022-10-27,shipped,Congress over staff structure PM yourself recognize live know benefit within what improve.,6MTR9KFL6Q
4APFAJ6UZT,2022-10-28,2022-10-27,shipped,Republican usually growth front foreign third else mention often tonight size feel anyone.,K15CUKFP0U
AJZ2EAXS0N,2022-10-31,2022-11-07,shipped,Democrat suddenly box send single choice however dinner knowledge light.,TQ90N58QRR
A6FREAI5J9,2022-10-26,2022-11-02,shipped,Finish go including energy reality or what data machine any audience century.,ULZXB6EYDA
TRMO0W7WON,2022-10-06,2022-10-11,shipped,Keep economic agency soon field power dinner try full career shake experience.,8SZ76JX178
TW7MOU15NT,2022-10-26,2022-10-18,shipped,Call test test oil upon think.,HEZHXQJVA2
9MHFI92STU,2022-10-27,2022-11-10,shipped,Visit street argue his heart him realize.,GV4KIGIXN5
HMZP8YLUSS,2022-10-03,2022-11-03,shipped,,75EA0V96AL
C4DKAVFFBT,2022-10-07,2022-11-09,shipped,Person early month your drop art church.,FTVVTCRGZP
NPC0JYP3RP,2022-10-10,2022-10-04,shipped,Politics understand fund weight central agree.,I9TVN1P15X
8LSXY9X5E1,2022-10-05,2022-11-02,shipped,Last right generation network charge my by low heavy.,N7S0OONGRF
WDSD8SPL2K,2022-10-11,2022-10-17,shipped,Fire of heavy short civil suddenly western occur also before international.,0AC1GPGLZL
70KU084LQY,2022-10-22,2022-10-19,shipped,Real fact base box environmental have management season factor sister show.,R06WPS78BU
R15X04JTRE,2022-10-18,2022-10-06,shipped,Current strong leg billion start next.,NTH17K59IU
6H9CSRIOJR,2022-10-13,2022-11-12,shipped,Thus small Mr any peace learn cold window.,D7Q0ZXUNAT
QAEL8ZFPX8,2022-10-18,2022-10-29,shipped,Nearly apply home international before ask tonight number door.,JHOCF4GGOE
GGPLOPGBZC,2022-10-17,2022-11-12,shipped,Toward enter final law another each.,98ISEDXVV7
KO24EZCONK,2022-10-13,2022-11-05,shipped,Meeting pick born bag quite design ground discussion line or foot remain.,7K0DPQ9Z13
JDQBCCFBGT,2022-10-20,2022-10-11,shipped,,D7Q0ZXUNAT
KLBSBBUW6V,2022-10-07,2022-10-19,shipped,Scene interesting beyond enjoy strategy else end record back listen move give.,EVJGXO2JE3
I2AAQSBHHQ,2022-10-28,2022-11-29,shipped,,HCDEHNUXI3
Z993O321LI,2022-10-04,2022-10-28,shipped,Dream red attack amount happen training.,U4DKD379L0
QJHKDZE4A7,2022-10-14,2022-10-02,shipped,Health add old power spring decision prevent shake actually line really.,Z8P6N36GRI
SD6PA7F9B1,2022-10-05,2022-11-28,shipped,Democrat free beat computer Mrs leave sell certain director tend.,9IEA9YFSEI
V7I2BUE6YZ,2022-10-16,2022-11-27,shipped,Member relationship hear including page lot popular give key ahead your care pattern.,KHWMIGHNCR
Z0J1N7P8SC,2022-10-15,2022-10-12,shipped,Design impact receive tell image could may movement easy.,WFXK3YEZQ7
9TEK3S61P6,2022-10-08,2022-10-20,shipped,Able difference choose certainly five appear whose name prevent he girl still morning near.,75EA0V96AL
BBITH14CZR,2022-10-27,2022-10-17,shipped,Process myself and level truth fall certainly worry create white center remember effort.,YO1XUR9LCB
CYT4FP5337,2022-10-07,2022-11-14,shipped,Any guess pick these according than.,9YNO1XLUA1
2JHU4B56UC,2022-10-29,2022-10-10,shipped,Those manager argue hear executive shoulder edge summer dinner.,WQIADI1S2N
OWZFBYIWNK,2022-10-16,2022-10-11,shipped,Field and factor yourself character year item development design.,SQ24SC0YR2
WFKTHBDMYZ,2022-10-24,2022-11-25,shipped,Think join two Republican Democrat artist.,8SACK64J71
56FISOH9CO,2022-10-30,2022-11-06,shipped,Start billion health sense fill water now while our.,RAUU1EQ6DE
NZ9X6M7VNQ,2022-10-25,2022-10-13,shipped,Go letter price vote thank price somebody why writer.,JM4WZCGJ0R
9HJFKIYWCP,2022-10-26,2022-11-02,shipped,Natural expert standard else product ten deep economy economy.,9NPZR6930W
JFRWVGM2YB,2022-10-18,2022-10-28,shipped,,HGZ2WWEUJI
YFX9F20ALA,2022-10-29,2022-10-21,shipped,Day mind minute test part option.,81O4M187XM
G8BLJAGW75,2022-10-23,2022-11-13,shipped,Everybody herself soon else any environment thank figure within budget.,WSWO0H5BO5
Z9HZVD68SS,2022-10-24,2022-10-14,shipped,,EEOKS99Y6R
1KW3LJBHS9,2022-10-29,2022-10-19,shipped,Behind increase half send drop budget discussion wear we popular age.,J3VOWI3L1X
MRLI5IKUN3,2022-10-05,2022-10-31,shipped,,D7Q0ZXUNAT
4Z413YV2SF,2022-10-17,2022-11-14,shipped,Trial use girl determine lose item law learn develop.,39J677COIK
O174869CRJ,2022-10-30,2022-11-29,shipped,,7A8PN3SJ6Y
LBGE455FKC,2022-10-03,2022-11-09,shipped,Work drive news miss move family.,D7Q0ZXUNAT
2OFX3XGBIR,2022-10-21,2022-11-01,shipped,Without population lot lay campaign culture I.,P4YX5DF0PV
07J9LJ2P5M,2022-10-11,2022-10-31,shipped,Short school painting perhaps short song girl often quite analysis.,P8IACHEA70
385GARC5GN,2022-10-01,2022-10-28,shipped,,HF6V28SD33
TFGJ98CMLX,2022-10-06,2022-10-31,shipped,Management shoulder little two entire particularly possible feeling dog bit per individual.,BJ93CYS7O6
4BJ1UGRYYK,2022-10-17,2022-10-10,shipped,,S0TMHP6FMI
O4H9DZ3H7C,2022-10-29,2022-10-16,shipped,Field you increase attack charge heavy.,HGESIZ9985
LRZW22DFPQ,2022-10-24,2022-10-21,shipped,Defense media catch blue leader while daughter listen leg themselves enter.,VH5NJEKR57
04O6JD0MW5,2022-10-19,2022-11-11,shipped,Product moment rest pull room watch.,8GBD57JBM1
9JFBHTRR5V,2022-10-22,2022-11-02,shipped,Teach beat power deep series join sell character city knowledge number share western rate.,QLYUL1IDP3
MT2E3R3SSS,2022-10-07,2022-11-06,shipped,She each rich when mouth impact live reflect environmental who lead.,JT29T7HW5G
2W1KY64PIZ,2022-10-15,2022-10-08,shipped,Idea land back note life allow.,O05JQPQ8TQ
T9XTIVUQJY,2022-10-04,2022-11-23,shipped,Our manage staff soldier day turn later cover thousand.,WJS93BWZ5H
VK4M36461C,2022-10-06,2022-10-20,shipped,Second raise newspaper teacher true herself their.,LWPLMUGM39
6T4ZRN6M0A,2022-10-30,2022-11-03,shipped,Situation scientist office develop head popular make institution stuff story artist.,70H8VHTO5M
WKMTAEJTE9,2022-10-26,2022-10-19,shipped,Something start walk word military either foreign.,5ZN67IIMH4
KILOPLUCEC,2022-10-05,2022-10-23,shipped,Very own or specific us place surface high movement yourself discover daughter.,FT1CUFHUEP
5OWLQJLZ6C,2022-10-14,2022-10-28,shipped,Reduce fish tonight treat environment capital play able when.,0JGRKLH5RP
SHTUSF4QH6,2022-10-04,2022-10-18,shipped,,8XHRA8VY0K
W7K7SHH6P0,2022-10-23,2022-11-26,shipped,One member majority computer gun argue million science suddenly whole trip.,I1Z7FB5JIA
N8MEWWUJQ0,2022-10-24,2022-10-12,shipped,Finish kitchen step worry black table.,KT5P4XHYC8
0YX9O9WI9I,2022-10-30,2022-10-26,shipped,Act sea they have maintain soon win century anything agent we.,KKVJBOFBSD
7AMOKO7BNS,2022-10-09,2022-10-27,shipped,Along organization certainly young under past name game choose then southern.,98ISEDXVV7
14JEJCZB10,2022-10-10,2022-11-04,shipped,Someone than save eight deal everything democratic.,6JO34AILKU
1GP74TQDCC,2022-10-27,2022-10-23,shipped,View court heart possible agreement majority rule.,EFY2GPXZ0I
9XAKPT023G,2022-10-02,2022-10-19,shipped,Rock assume speech contain week college risk head scientist mouth add sister.,Z8P8A5SXDH
O6M8M6R698,2022-10-27,2022-11-12,shipped,,3XVHJ8A7TL
Z0PRHY5VJK,2022-10-17,2022-11-05,shipped,,ZZMFKWN47D
T204RR6K77,2022-10-18,2022-11-08,shipped,,K15CUKFP0U
6QKZA6RDGF,2022-10-19,2022-10-26,shipped,Stand my world suggest approach gas benefit detail term standard Democrat with.,MFUJ6DBMZK
S609G059JI,2022-10-06,2022-11-10,shipped,Everybody success condition writer generation performance yeah feeling else small those good.,X3LKVAH5BE
TDYCA4RHT5,2022-10-14,2022-10-13,shipped,Although type his final Mrs once.,6THK94FG5B
WB7E3P6OMR,2022-10-16,2022-11-06,shipped,Medical quickly race wrong case PM plan mention white voice together head.,GZWCWEPGFP
SDP6ZH1KS3,2022-10-18,2022-10-05,shipped,,LSD5J1EL2V
XDH2Y48XIR,2022-10-02,2022-11-16,shipped,Where president mean seat political rich tonight position present authority staff amount.,HTC5XCX9Q6
M71HYCU14D,2022-10-07,2022-11-02,shipped,Again body pay young wall likely participant fear color positive direction.,SZYEFUKLSG
D7DMCO8JJG,2022-10-18,2022-11-15,shipped,,SRXZZLKVUX
MJY3D8V691,2022-10-05,2022-11-19,shipped,,9NPZR6930W
WPF89KP9CU,2022-10-28,2022-10-08,shipped,,DNHQQSKU29
IE1BNO6LH6,2022-10-01,2022-11-09,shipped,Very fact today street example prove note occur.,H47C31061I
P5SNUVP5ZH,2022-10-26,2022-10-29,shipped,For blue they nor to forward way significant back decide study.,WP6MD6603J
EV03W9VK10,2022-10-25,2022-10-15,shipped,Speak around capital approach water another picture yeah pattern hot sea for dark.,TZJWG0NB2H
BQYGDZWPCL,2022-10-14,2022-11-12,shipped,,UBX5XMO9P9
QWCC1UJSFK,2022-10-30,2022-11-07,shipped,,8NY1YDGNT0
VFJZSCE67O,2022-10-21,2022-11-05,shipped,Success radio including next moment against listen.,SIY8ML9BLG
37H5UU2VXJ,2022-10-11,2022-10-08,shipped,,05N28JXZDH
2FEM2KLKBU,2022-10-02,2022-10-14,shipped,Along key rock without might would most very this be situation.,TFDD6CMXHK
Q78BFTLCRH,2022-10-08,2022-11-28,shipped,,KHWMIGHNCR
82WVW5SDHJ,2022-10-21,2022-10-14,shipped,Several every respond born former check region mission before live far.,FVOU2BLRQC
9MC8O5XK3D,2022-10-18,2022-10-17,shipped,Young near somebody human item above official.,WFXK3YEZQ7
PIUH55FGM8,2022-10-08,2022-11-08,shipped,Explain star road direction baby type lay their.,REIQPNGOB9
BNCDBP8TCB,2022-10-04,2022-10-24,shipped,,04T2QGT3JB
S73Q4QV3A2,2022-10-22,2022-10-15,shipped,Material school front although everyone language certainly pass.,HGESIZ9985
8LL0F27AD8,2022-10-13,2022-10-25,shipped,,PXWRG4ADJ6
NEFNET22JB,2022-10-12,2022-10-31,shipped,,GV4KIGIXN5
0Z8EXQJY3L,2022-10-01,2022-10-08,shipped,,YX42F4GJJC
HKM0U2SEJY,2022-10-04,2022-11-20,shipped,Start pull until agency court heart consider my finish.,4Z74NNU02A
OOTET4O2UY,2022-10-21,2022-10-19,shipped,,FVOU2BLRQC
FHG6GQKKY6,2022-10-21,2022-10-17,shipped,,SIY8ML9BLG
HHTARE8UAQ,2022-10-23,2022-11-27,shipped,,YEMV9KV8Y9
LWFGP02AP0,2022-10-05,2022-10-19,shipped,Western rich others smile especially put again international.,TOKFDZ3SXM
TKLJWTIRZU,2022-10-20,2022-10-08,shipped,Central later argue floor trial fill summer according certainly.,RWX2C9S1BO
01KKMM2GTT,2022-10-11,2022-11-25,shipped,,6OX3YZRFPK
LLJ7Z8SDJD,2022-10-18,2022-10-29,shipped,Activity region like responsibility policy so.,GAXXR7QI1V
LWGS6LMFLQ,2022-10-27,2022-11-18,shipped,,HH8T3RR3DO
OXHG3VNMB2,2022-10-05,2022-11-11,shipped,Low such crime form nearly road.,5MSQS3BSV6
X24MKZ152Q,2022-10-27,2022-10-22,shipped,Either report necessary senior team rate feel bill two.,94UO1KXMZL
YJRZJGZTG9,2022-10-24,2022-10-30,shipped,,5ZN67IIMH4
OUZ947E3GD,2022-10-13,2022-11-27,shipped,Easy provide interesting of radio if science can check admit quite.,REIQPNGOB9
RX9TTHKWJD,2022-10-03,2022-10-29,shipped,,UJB0PQTT2I
JCD8YSYAPV,2022-10-27,2022-10-09,shipped,Window fact story appear although despite.,KGJLH1JEA2
9UVHXP9X3A,2022-10-05,2022-11-23,shipped,Couple see hundred suffer price push.,63D2JI1U23
7NFF5P1ZOD,2022-10-01,2022-11-06,shipped,Several and article live win difficult.,ZEYO8JW6BI
GB2FLBXIC8,2022-10-24,2022-10-10,shipped,Cut area her air very player specific pay cost mean including who role.,9QHIS5347H
E80QZKTTKV,2022-10-07,2022-11-25,shipped,Community material end safe better cut.,KPLZRH5L6S
ASU2PR0QF6,2022-10-13,2022-10-04,shipped,Far which art risk feeling PM a police.,DYI05ZZ985
WJLM43PWYG,2022-10-29,2022-10-28,shipped,Partner suddenly story under arm civil candidate prove year white security think newspaper.,2JSZURIWO8
0WK204BH0W,2022-10-08,2022-10-22,shipped,,O2HZKQIN94
J964FMXRW8,2022-10-09,2022-11-06,shipped,Single his certain stuff box smile.,UIYSUFHEIE
N29S2N6A0B,2022-10-02,2022-10-20,shipped,,SQ24SC0YR2
RRMF1QRSED,2022-10-13,2022-11-20,shipped,Well those turn instead could create entire rule about research order.,6THK94FG5B
7VKVRBXBEH,2022-10-17,2022-11-29,shipped,Break himself blue hot watch air.,Q56XAPPETE
JDTTXNX4KJ,2022-10-13,2022-11-23,shipped,,2CFV3F0XN0
137IZPXORB,2022-10-29,2022-10-22,shipped,,PNFI5WEGMW
J1BCZUWCMK,2022-10-18,2022-11-14,shipped,Out skill effort somebody time century bank enjoy white news shake.,6SM3DTRQIG
AQQ8DFXRL7,2022-10-24,2022-11-19,shipped,Visit level anything occur finally work decision help around between.,NKU39IANYY
J8AGPHTCL7,2022-10-13,2022-11-16,shipped,,E84GNA7OBD
D0X5Y36W23,2022-10-02,2022-11-17,shipped,Democrat answer all company maintain way seem none them last just PM realize.,1U8Q97OEX8
4QQOMMMZOC,2022-10-02,2022-11-27,shipped,,ECRUGRIQVU
P2VICOFTYY,2022-10-22,2022-10-24,shipped,Its couple process size his debate hard major kid south.,N43HH2NNOY
YWK7JYEKSD,2022-10-13,2022-11-16,shipped,Player media man education break great recently reduce relate.,E84GNA7OBD
K45X9FXGI2,2022-10-30,2022-10-29,shipped,Else purpose maintain late claim raise discussion wife feeling.,0CLRQ1LX43
9ELVDCDOT2,2022-10-24,2022-10-31,shipped,Why save health lot outside best discuss bill food sport clearly.,KJ5IUXZD9T
S58ZPUUVDX,2022-10-22,2022-10-03,shipped,,RLMFQSM4KR
20MQXTK1JL,2022-10-17,2022-11-08,shipped,,3JOEXAB9E8
757QI9RRG1,2022-10-12,2022-10-12,shipped,,KT5P4XHYC8
A0FZA5T726,2022-10-23,2022-10-30,shipped,,QC1H2VQMY5
ENO7T6IDKK,2022-10-06,2022-11-19,shipped,Room name develop perform high far control assume suddenly particular name.,UDGZFBFSQ6
X6QMQJBUZV,2022-10-15,2022-11-24,shipped,Decade day dream investment get official blue.,XM8MF5J8NI
NPG85CY30B,2022-10-24,2022-10-15,shipped,Lose wear course project we minute speak summer try order score born have.,98UAWR5ANB
DCGM6MFW1G,2022-10-02,2022-11-03,shipped,Page red simple relationship indicate large individual trip country think all most.,4DE0JW3LW2
5D4YACPUKN,2022-10-08,2022-11-01,shipped,Imagine action somebody together why occur.,1X4423D91Y
5I1S0PPV7J,2022-10-02,2022-11-01,shipped,,7084D3IRMY
2QAIE7LOY8,2022-10-19,2022-10-03,shipped,As like less talk at thought power.,20TN95WA52
4299XO0JNW,2022-10-01,2022-11-22,shipped,,Z15FVB5AZ7
MJLVXSGAYD,2022-10-11,2022-11-29,shipped,It feeling cut never before woman tree space foot when occur.,WONDPBT7UP
LHISG51U13,2022-10-04,2022-10-03,shipped,Image often worker study sure style cold.,3X5QKAZGXH
KKV9VTGDIJ,2022-10-30,2022-11-16,shipped,Watch among white natural ever parent month Mrs like training could hit loss.,JT29T7HW5G
V5L6U579ZJ,2022-10-19,2022-11-15,shipped,Do production fish certain if kitchen fast Mrs as choose would career.,F0FFCZRHRI
NDDV7LN963,2022-10-12,2022-11-24,shipped,,X60JCMZCPF
G60DEHD2G2,2022-10-12,2022-10-26,shipped,Yourself sister seven institution operation stop need every film sign item very.,M1CWKFY75A
URP2G0IVW4,2022-10-25,2022-11-19,shipped,Author rock field news discussion decide foreign compare help eat arm.,VPCOA4FZUK
WVQLGKSB1C,2022-10-04,2022-10-07,shipped,,8P76KRJ68R
VPTSN33TB1,2022-10-10,2022-10-26,shipped,,ELAEBJK44J
BVES8E2BUI,2022-10-30,2022-10-30,shipped,Candidate join word go four give tough poor edge another able.,8XHRA8VY0K
JWR2PR4H3D,2022-10-13,2022-11-25,shipped,,OMA3ST7YPY
KXJAEGVGTU,2022-10-19,2022-11-02,shipped,,Z5LXYA5S3S
APSCUJGCR3,2022-10-01,2022-11-05,shipped,,WONDPBT7UP
NMLATF138F,2022-10-22,2022-11-26,shipped,Follow whatever traditional serious bar up myself large public month including her.,0OC726I5VC
PBLLLFMSBW,2022-10-24,2022-11-11,shipped,Education each play wife top mission race daughter.,AV46LD77LO
N87UUBT93I,2022-10-25,2022-11-25,shipped,Protect just less human change game have.,PQNYO55JLY
QX8XQ64MS3,2022-10-14,2022-10-24,shipped,Them oil enter keep government about fine relate security.,21DHW37GLN
MLSPQBV3XK,2022-10-29,2022-10-13,shipped,Right well participant think could focus product shoulder article concern officer similar likely.,Z2728J1Q35
Q6XR3S1Q2N,2022-10-01,2022-11-22,shipped,,JOL09FJZ0T
KPNN0OUDME,2022-10-22,2022-11-03,shipped,Southern develop respond finish have product mean clearly give think account successful end.,XM8MF5J8NI
UWYTENTRW1,2022-10-25,2022-10-09,shipped,Weight law moment each religious word local soldier understand his interesting.,DYI05ZZ985
3EZXR8PDC9,2022-10-07,2022-11-09,shipped,Guy group course firm face check push.,UX5WP1T8IU
9MQ3LQ8OPU,2022-10-19,2022-11-12,shipped,,6OX3YZRFPK
890CQO2U1T,2022-10-21,2022-11-12,shipped,Market west face collection break answer heart expert factor best class get analysis.,A8195344SY
W2W2SD880A,2022-10-18,2022-10-07,shipped,,M4IC2OWMQP
00L74GGPDL,2022-10-31,2022-11-01,shipped,Reflect pretty large great official despite artist.,9FV24OB3YR
HNA4R6QGNB,2022-10-19,2022-11-21,shipped,Tree night never painting something true whatever it organization matter benefit air.,PWO2MDRTZM
R4L16I2E6E,2022-10-28,2022-11-23,shipped,,XL2XED2YVI
293ZC9D13E,2022-10-06,2022-10-03,shipped,,CWNPJ8IX6P
U13IUMX7VI,2022-10-25,2022-11-18,shipped,,HTC5XCX9Q6
WKRU8ZVJ27,2022-10-13,2022-11-19,shipped,Candidate night personal feel once what ready within ball.,5YVF0HX48M
RFQEI0JBBG,2022-10-12,2022-11-01,shipped,,WP6MD6603J
PAIQVIG8TV,2022-10-10,2022-11-01,shipped,,SCXHVIBQ2T
R98AZ70LOK,2022-10-24,2022-11-04,shipped,Whole after those mean her future table kid ball positive these energy.,CQQ8C2VG4G
25QOOUQMDP,2022-10-23,2022-11-22,shipped,Way positive machine window side station small war a development.,Z8J2DGBV50
AI7UXR5R4K,2022-10-29,2022-10-05,shipped,Yet seat member young she soldier dog.,2JSZURIWO8
UKUM7CV2N9,2022-10-10,2022-10-29,shipped,,LYT1BFTM6D
8RQ8MKN57Q,2022-10-27,2022-11-16,shipped,,4G14CFFP3K
99D9K5GDFJ,2022-10-29,2022-10-11,shipped,Party after world your science model catch idea page authority.,WQIADI1S2N
7T80DQEW2M,2022-10-30,2022-11-27,shipped,Outside draw third member everything catch now range happy.,OJVBYXRRGO
NSIRKLY0J7,2022-10-26,2022-10-26,shipped,Miss young carry bag writer whom behavior leave actually as market.,9UYPD26TOK
3HW6GXUL3B,2022-10-22,2022-11-13,shipped,Certainly none bar employee guess defense by.,JHOCF4GGOE
YLLB0ZO8U7,2022-10-10,2022-10-27,shipped,Anyone far finish suggest central follow visit cause seek.,CFX172E55M
JKIBFR35HR,2022-10-27,2022-11-11,shipped,Again then him upon test loss TV pass fine.,Q2XEBTV655
VWMO4Y5L6D,2022-10-20,2022-11-27,shipped,Own here wall space foreign under though never culture main road brother have.,M9BJA9VKFZ
BU1KKIU3FO,2022-10-02,2022-10-12,shipped,Add wrong which event because seven business set play.,J3VOWI3L1X
AEBXRG8O2J,2022-10-29,2022-11-19,shipped,,8VVZYNRJXL
VKZZQBGLRH,2022-10-09,2022-10-21,shipped,Beyond key picture nor their red former deal majority word.,KODO0WIY85
SPF1E5QACA,2022-10-28,2022-11-16,shipped,American father join whose allow oil marriage successful type resource thousand stand.,0CLRQ1LX43
LGWKQNBQF8,2022-10-15,2022-11-22,shipped,Beyond eight become crime close very issue new plan.,H1AZ7J5D6S
TXNBQR47B5,2022-10-26,2022-10-09,shipped,,29PKB3CNAS
J46IFM6TJ1,2022-10-24,2022-11-05,shipped,Not note trip put push front style true somebody cup.,7SRKAHBJ9Y
3WCEVVFY57,2022-10-07,2022-10-25,shipped,Result it do bring happen although less remain who special almost true share.,4UKA0ZCIG0
PRZLL52LCP,2022-10-22,2022-10-30,shipped,True operation law knowledge financial when.,YO1XUR9LCB
7O7F9IG47H,2022-10-28,2022-11-22,shipped,Measure into remember similar after subject rich century time site.,BLCP042TOX
KK4SGLLA9M,2022-10-10,2022-10-19,shipped,,52IUZDU5XW
MJZYENIIGB,2022-10-31,2022-11-01,shipped,Nature himself soldier always activity probably.,VN3V5DNILG
UDZVL0PJ6R,2022-10-13,2022-11-28,shipped,Support side step necessary out manage purpose.,QN0M6RW5QL
L6SWOORLXD,2022-10-13,2022-10-04,shipped,,F51ZGTXYWM
NCET7SH341,2022-10-28,2022-11-19,shipped,Cause without fast go throw poor.,LKZCHPIS49
GN5I4OA3AD,2022-10-13,2022-10-08,shipped,Within lay final minute half add family mission message produce once certainly our.,PLI2MP2LCA
I6QJOUN0V3,2022-10-28,2022-10-30,shipped,Force employee western treatment interest company.,PUZ69UMRF4
N9Z6FEL9TA,2022-10-17,2022-11-19,shipped,,UIYSUFHEIE
A1S7GCVDT1,2022-10-19,2022-10-09,shipped,Expect arrive cut street here culture can design only really try.,PWO2MDRTZM
JRM48NJM5W,2022-10-27,2022-10-23,shipped,Machine opportunity than college involve in official agreement miss.,UX5WP1T8IU
X6A01L8FOX,2022-10-28,2022-10-08,shipped,Sort similar manager thing improve guess couple none process.,W9ZP5ZIKMQ
L7BBJX2ABG,2022-10-19,2022-10-31,shipped,Whose cultural worry reveal stand draw happen describe moment accept.,6THK94FG5B
ZYLF02W733,2022-10-03,2022-11-06,shipped,Form yeah religious threat toward detail.,1KRU5V3L54
XO7B4R7QU8,2022-10-07,2022-10-25,shipped,,O2HZKQIN94
RAYG5VHRPH,2022-10-25,2022-10-27,shipped,Tax leader onto person Republican value.,5K9DLBTA8W
I4I5BSQ1G0,2022-10-03,2022-10-10,shipped,,9NPZR6930W
VZEMSB9F2A,2022-10-04,2022-11-20,shipped,Its three probably though watch subject.,ULZXB6EYDA
BL6CFXBT14,2022-10-01,2022-11-01,shipped,Along popular whatever market college better fall plan little gun mission lawyer.,N5GHKN5CQ9
1ENUAIHTLA,2022-10-01,2022-10-15,shipped,Wish trade study four agent everybody nothing respond agree boy cause.,R1E5MHP1AA
1W14F9OIM2,2022-10-22,2022-11-20,shipped,Focus include education grow exactly picture.,28UWLOQU4P
FKKSDQXTN9,2022-10-15,2022-11-04,shipped,,1H99THV9XZ
EPA3SLYA80,2022-10-25,2022-10-28,shipped,Wrong cold consider style remain only.,KKG9DP685R
6ZYSV1COT4,2022-10-31,2022-11-28,shipped,,RFID2U4QLU
OARQIGRIWC,2022-10-28,2022-10-11,shipped,,7JDEQ57CBT
QRX2SBO5RL,2022-10-26,2022-11-23,shipped,Method trade pay world daughter popular best soon speech it stage boy education.,F3R9ZVEWCR
M8LYDFLP7H,2022-10-14,2022-10-09,shipped,Have return front although read military through kind local son trip.,GLHCG325FM
EP4WG6U2US,2022-10-16,2022-11-29,shipped,Occur because into next really good know.,52IUZDU5XW
CLDHOREZG2,2022-10-20,2022-10-19,shipped,Suddenly suddenly myself bed win individual.,35QAB5AR37
EYNGZRBL1D,2022-10-27,2022-11-22,shipped,Really yet billion evening lay back computer do fast decade teacher.,2NVWA8ZYWO
7F2FPXRXET,2022-10-04,2022-10-25,shipped,,G1MNQOBIOS
G6HT9S5U2K,2022-10-15,2022-10-12,shipped,Suffer several huge often return out close site.,1EQUXF306C
XHE6NO7IWQ,2022-10-08,2022-11-15,shipped,,Y33Z0A3LF4
OZ1OBY02PW,2022-10-23,2022-10-25,shipped,Past model another always detail hundred line student it heavy.,S9G4QGQG3Y
INKV1YJ4GH,2022-10-23,2022-11-17,shipped,Number director explain month public west family could system few effect production approach.,JOL09FJZ0T
6SK0ZUUEXR,2022-10-08,2022-11-07,shipped,Those near seat will key girl might citizen discuss onto.,OTGC34J4BI
Z66MK4ALXY,2022-10-12,2022-11-13,shipped,,WFXK3YEZQ7
5RA9SWN23A,2022-10-27,2022-10-23,shipped,Well seek head identify while bit run single want.,JHOCF4GGOE
8J167F9G0E,2022-10-13,2022-10-20,shipped,,6JO34AILKU
T0BL9OSU44,2022-10-07,2022-11-29,shipped,,AV46LD77LO
Q0IQULDK1L,2022-10-20,2022-10-14,shipped,Loss subject grow certain could during clear traditional social.,PZ765QZF5R
R34W4ZYRZE,2022-10-26,2022-10-10,shipped,Trip lead full what foreign science foreign score we see down.,RFID2U4QLU
879LWE3YRF,2022-10-21,2022-11-24,shipped,Tend happen level college they ever story series tell yard.,3SHKUQCHP2
WM53EZPURH,2022-10-26,2022-11-23,shipped,,PDJ9HN7IUF
1F1GRE3241,2022-10-04,2022-11-10,shipped,This possible chair training spend blue light impact.,WFXK3YEZQ7
C8WUGJM057,2022-10-11,2022-10-30,shipped,Become shake wait explain they new money director learn forward.,N41Q5U5N92
MUB502N2WK,2022-10-16,2022-10-24,shipped,Event time PM culture its it like across.,O4K2USN6NK
JLZS4YRBU1,2022-10-12,2022-10-07,shipped,Sea of suddenly choose bill significant travel executive student.,5YVF0HX48M
6NNUGY79YM,2022-10-05,2022-11-07,shipped,Specific order process official operation test pay if that.,Z2728J1Q35
SKT2SUQ8BP,2022-10-29,2022-10-20,shipped,,K653V4YEXM
MEWBZT8F5R,2022-10-13,2022-10-26,shipped,Its person follow young war industry which citizen ever able beyond woman.,6HH4NU3D1E
59VK3NO6IN,2022-10-10,2022-10-14,shipped,Offer or draw direction possible I star owner certain.,EWY4H7B6O2
90U7LYEFLD,2022-10-26,2022-11-09,shipped,Always pull now system so may quality why candidate.,SO1HAALNLH
JF41UNX4JB,2022-10-01,2022-10-22,shipped,Human share message million energy head level.,H7JAT64W55
CO1EH7TCYQ,2022-10-09,2022-10-17,shipped,,CJVAP67JNJ
HUH4DU4SY7,2022-10-15,2022-11-08,shipped,,KKG9DP685R
30FWSBDXQ3,2022-10-14,2022-11-18,shipped,,XDDUB5N1XB
8HCX8CXDXS,2022-10-02,2022-11-07,shipped,Likely over space factor tend show increase hear can.,TJ7HJ0PR82
5AC741ULQZ,2022-10-13,2022-10-07,shipped,Body despite main same our single can very car treat meet save unit.,8P76KRJ68R
55P8WRJA64,2022-10-11,2022-10-28,shipped,,LBTFYG9CBC
4V7IUIJFVG,2022-10-07,2022-11-19,shipped,Exist watch tell system mean place attention budget however statement culture you.,XCVCPRMN0H
0RMXLATSUJ,2022-10-15,2022-10-18,shipped,Quite would break remain apply relationship history travel interview TV.,REIQPNGOB9
5DWEMM0GJX,2022-10-19,2022-10-04,shipped,,WFXK3YEZQ7
TK5KEK1OOX,2022-10-10,2022-10-25,shipped,Computer security pull democratic itself where sport interest.,Y33Z0A3LF4
6HK7UEXULB,2022-10-17,2022-11-10,shipped,,Q4JI26YUEN
VVGOL4P69J,2022-10-16,2022-11-10,shipped,,754SO7LJDE
8K9IE5CQL0,2022-10-20,2022-11-25,shipped,,LBTFYG9CBC
IVNH2QBTU2,2022-10-04,2022-10-10,shipped,Table newspaper statement service drive impact western.,GLHCG325FM
HBLO79DB8Z,2022-10-04,2022-11-13,shipped,,5W6R9C8TPB
G7VFDHP365,2022-10-17,2022-10-28,shipped,Gun image staff hospital environment economy school way human.,28UWLOQU4P
1PWUF9COCX,2022-10-14,2022-10-11,shipped,Bad stuff the available add fight available know already concern single any card.,D3WEWOFNQG
5OD45PR3LE,2022-10-27,2022-10-30,shipped,,SIY8ML9BLG
MDOGA9NY24,2022-10-06,2022-10-11,shipped,Always expect nothing red rock who author control project once.,8P76KRJ68R
SJYPYTQBVB,2022-10-26,2022-11-14,shipped,Bed interview fire act decide social.,HGZ2WWEUJI
0SSUS570OQ,2022-10-23,2022-10-29,shipped,Air throughout nearly same suddenly budget industry.,V8GSY0HGJB
2E4Q6KX754,2022-10-10,2022-10-10,shipped,,PQNYO55JLY
QFXMXCCI10,2022-10-28,2022-11-01,shipped,,04HO8VWR9K
V48055V50J,2022-10-16,2022-10-11,shipped,,PUZ69UMRF4
CI13JY3JAI,2022-10-24,2022-11-17,shipped,System begin however institution traditional trip our anything language today star.,Z2728J1Q35
H94999RVLM,2022-10-11,2022-10-21,shipped,Letter hotel change American guess spend serve hold matter.,KHWMIGHNCR
9KHZSEW52F,2022-10-27,2022-10-22,shipped,,ZG4PLEIEPG
LEMU75ZJJD,2022-10-15,2022-11-29,shipped,Standard her religious attack structure the mind across long fund certainly.,8L5A949VRJ
2I4PSM9F9Z,2022-10-12,2022-10-21,shipped,Nice in term score blue husband hour parent red third.,GAXXR7QI1V
MPESCMDSDL,2022-10-01,2022-10-26,shipped,Wait site board today available back.,C5OPT0ZRQM
QP6OAC09M5,2022-10-04,2022-11-01,shipped,Address account lot production we accept power should mention order improve often.,Q049O5G5NI
CH52XUZ3KQ,2022-10-12,2022-10-27,shipped,Discuss involve well behind bad others husband seat perform budget be few.,N41Q5U5N92
YEQK5N3FD8,2022-10-12,2022-11-28,shipped,She their according not politics sing show low inside.,YEQ5YRZC4E
KIZ12KAMNU,2022-10-14,2022-11-24,shipped,Doctor business friend door figure dream as report research main.,SZYEFUKLSG
Z5PTM1PY52,2022-10-11,2022-11-10,shipped,,VDCXBG6YOR
AN0CU6LFSU,2022-10-08,2022-11-01,shipped,Down official year training debate sometimes record wait.,Y4X9HG53NF
OJM7HW0CGJ,2022-10-12,2022-10-13,shipped,,MMQ9CH6LNN
DFR2HFPPAN,2022-10-06,2022-11-03,shipped,,1IJQR1MEEG
FRNJIJZS05,2022-10-16,2022-10-18,shipped,Culture send art recently subject work production last short law.,LKZCHPIS49
CICDSWJL93,2022-10-30,2022-10-24,shipped,Manager through late form speech significant either book require manage left citizen theory.,2FLTN5M90S
BQC8AAYV7X,2022-10-30,2022-11-15,shipped,Your participant writer during begin yeah.,UX5WP1T8IU
ONP60VEZ4R,2022-10-27,2022-11-19,shipped,Responsibility same sell mission culture reason nature military process.,7S933Y0U4S
L8DWMW7NTS,2022-10-19,2022-11-15,shipped,,KT5P4XHYC8
1A1XCX2IMX,2022-10-26,2022-11-04,shipped,Season serve policy star television like social despite play him strong bit.,OOC15BIEPN
UOICHG44F5,2022-10-22,2022-10-22,shipped,Build surface new clear trade organization miss by shake close coach else radio.,JT29T7HW5G
IQ85JBERDY,2022-10-31,2022-10-24,shipped,Everybody prevent thank attention remain sort sea thought.,KX0AG9WGH2
FOSO2N0TTQ,2022-10-31,2022-10-28,shipped,Beat author edge threat pressure send smile even brother particular wife.,BROEDS7IO2
R1V8GWODGK,2022-10-31,2022-10-28,shipped,Walk hold study suffer however word of financial.,7084D3IRMY
PAY09WPN0Z,2022-10-22,2022-11-04,shipped,,1WLGTRHG59
XZMCW7ENIJ,2022-10-29,2022-10-09,shipped,Able weight age wish so great.,CQQ8C2VG4G
U5FL0Z11GZ,2022-10-09,2022-10-04,shipped,Wonder budget edge road nothing security month arrive close.,JOL09FJZ0T
L8JIHAC0SC,2022-10-19,2022-11-05,shipped,And east perform yet risk book.,KT5P4XHYC8
WR8KQFZMTZ,2022-10-09,2022-11-01,shipped,Community above paper environment hear a have.,6U48NF6UPU
XPUUD2LAPQ,2022-10-19,2022-10-24,shipped,,ZG4PLEIEPG
UAPUQGIQYO,2022-10-29,2022-11-24,shipped,,Z8J2DGBV50
DYB21YGMCW,2022-10-26,2022-11-27,shipped,Manager drop painting pick song that accept.,3JOEXAB9E8
G7VYFV1EFP,2022-10-06,2022-11-15,shipped,Attention easy worker last lay experience break physical religious fire guy fight both.,E95XW49610
4JSMLGLZOH,2022-10-29,2022-11-02,shipped,,JEILBAQKWA
IAD5SA9862,2022-10-02,2022-11-12,shipped,Mind whole kid line lose drive model respond focus ok reduce sister special program.,S0TMHP6FMI
V05575LAVF,2022-10-19,2022-11-08,shipped,,IX7AZI8M7L
QAN9SQTT7A,2022-10-22,2022-11-13,shipped,,Z8P8A5SXDH
RB4FHL2AE1,2022-10-06,2022-11-13,shipped,,JOL09FJZ0T
352L9ARXOR,2022-10-28,2022-11-11,shipped,Example run project story we expert available training onto key.,UBX5XMO9P9
QJ3GBV247B,2022-10-19,2022-10-02,shipped,Seven movement travel particular major free live nature state camera hot.,ZVG5PNE8O9
Q5VWSXBPTZ,2022-10-29,2022-10-11,shipped,Conference great common summer source certain ability especially stock point usually religious somebody send.,F1JRWW4ZEU
VMLXR48YQZ,2022-10-16,2022-10-15,shipped,There win exactly open focus me.,Y33Z0A3LF4
E0T3EKLQYE,2022-10-23,2022-10-19,shipped,Half dark end art card animal friend shake and usually.,79KX94Y6U2
7LFM4ETNJE,2022-10-30,2022-11-03,shipped,Including give wait behavior police six describe according.,HBC35SDTHI
8CR88ZE65R,2022-10-02,2022-10-07,shipped,Future whom stay interesting this inside.,MRBR1VKZ6F
56B5T88BAR,2022-10-22,2022-10-28,shipped,Beyond meeting or give type hospital nation age over vote security.,X3LKVAH5BE
CHZUP595G1,2022-10-29,2022-11-16,shipped,Thus time unit toward whom card beat cultural pass also.,67L8M0RYDE
VCOMCXU2PI,2022-10-03,2022-11-02,shipped,,XRSIDTQY2N
JRELBXL764,2022-10-02,2022-11-29,shipped,Report agree then consider quickly girl training quickly argue talk available table.,135JGVFYXM
9P99N9LADL,2022-10-12,2022-11-23,shipped,Process successful enjoy organization member trade rest performance believe.,QLYUL1IDP3
JMSKN3B5AE,2022-10-23,2022-10-18,shipped,,W9ZP5ZIKMQ
A7HER65DD4,2022-10-12,2022-11-20,shipped,However technology lose least how these change.,P8IACHEA70
6CWSSCTLOO,2022-10-20,2022-10-02,shipped,,YS29F765SC
T1SFDXEG87,2022-10-09,2022-10-08,shipped,Play someone describe successful defense individual remember final serve back watch wish.,HDHRB3EPLD
F1D6NXEMUZ,2022-10-25,2022-11-01,shipped,Letter camera upon although simply add behind little.,8NY1YDGNT0
GQXWLH2V6F,2022-10-22,2022-10-03,shipped,Interest too have too option finally win single.,DLU5U5SWVE
JLGTAR1MT5,2022-10-31,2022-11-24,shipped,Probably cell million politics safe structure seem someone still road continue relationship.,7ENH2VZ6AJ
FZRSW975T5,2022-10-12,2022-10-14,shipped,Cold else fall already door kitchen back ask indeed child these best.,0JGRKLH5RP
MFCTZCO0YL,2022-10-04,2022-10-18,shipped,Bill trade activity social garden production figure bring lot lead.,KJ5IUXZD9T
R6Z6VL4SIU,2022-10-21,2022-10-21,shipped,Evening approach those type local success response believe speak eight significant.,6XPRYDUFLB
ESUBIFEO6O,2022-10-19,2022-10-04,shipped,Summer return cost organization son risk eight seven Republican whether.,KHWMIGHNCR
OEODTD1N5T,2022-10-31,2022-10-26,shipped,Concern turn minute loss industry TV first blue.,VN3V5DNILG
Z41WT1UIBF,2022-10-08,2022-11-24,shipped,Toward again for admit few money continue president list exist later skin imagine my.,GLHCG325FM
FND4CONMBY,2022-10-02,2022-10-19,shipped,General offer family include computer cold deal.,7JDEQ57CBT
064PGOJ6BD,2022-10-13,2022-10-13,shipped,Enough buy positive five policy mother expert service activity travel what.,MMQ9CH6LNN
R3CLTEIVY1,2022-10-21,2022-10-31,shipped,,HGESIZ9985
ZWQRRNH3G7,2022-10-31,2022-10-05,shipped,Avoid red mouth just business card machine care hope spend thus risk.,PDJ9HN7IUF
4S4FUFQ7WZ,2022-10-20,2022-10-03,shipped,Possible walk his mission movement cover of product maintain win prevent soon.,N7S0OONGRF
0UZ8O85I66,2022-10-17,2022-11-29,shipped,Seat state property soldier while idea responsibility present behind watch kid media.,LR1SIO46WA
J8TJK772NA,2022-10-15,2022-11-09,shipped,Interesting decade view day moment particularly hard nation measure well summer service benefit.,1N737GN598
4DWTGSWQ4Q,2022-10-07,2022-10-11,shipped,,28UWLOQU4P
J9ZLWH63CL,2022-10-03,2022-11-03,shipped,Song lawyer strategy challenge history surface nation happen discover remain system.,3TYYF5MFZH
22LU8RCSTG,2022-10-09,2022-10-27,shipped,,C9GZDNE5R3
PC41K12VQV,2022-10-19,2022-11-16,shipped,Beat get name attorney already tough month.,OMA3ST7YPY
BZOI434UP0,2022-10-28,2022-10-30,shipped,Factor relationship prepare front what center yeah.,9IEA9YFSEI
6WB6ZGSZ9J,2022-10-27,2022-10-18,shipped,Possible seem fact result and forward onto.,TE14EVG8PQ
HGU11CCMT0,2022-10-10,2022-10-10,shipped,,L1LA0BFIDL
4ZS5BKOCZH,2022-10-08,2022-11-15,shipped,,MWVO8S3C1F
K0Z391CH1F,2022-10-25,2022-10-08,shipped,Executive this finally indeed energy number continue way act world quickly.,KGJLH1JEA2
31PEBU4WXX,2022-10-09,2022-11-16,shipped,Rise significant condition Mrs door west stand who admit.,E68ASNNOBU
830X0JBBUZ,2022-10-03,2022-10-09,shipped,,I9TVN1P15X
54V6H0TFAM,2022-10-06,2022-11-05,shipped,Difference later friend claim full show student research money.,E95XW49610
HCP7E8KXM6,2022-10-17,2022-11-25,shipped,Century statement cover yes red special.,KPLZRH5L6S
DGTYECB1CL,2022-10-22,2022-10-30,shipped,Understand wrong job themselves produce ok before get throw late newspaper.,ZVG5PNE8O9
IYUOHGNC71,2022-10-29,2022-11-16,shipped,Offer say leave agreement onto realize.,1VMUWUL9F7
21PZ97IBPH,2022-10-09,2022-11-07,shipped,,8R4THKCB9W
A8MUX7TMY6,2022-10-22,2022-11-17,shipped,Culture stay interesting interview population energy protect run accept how.,BU85ZH2LLB
OAHMBIA33O,2022-10-26,2022-11-20,shipped,Form political teacher summer hope trip college they before stop cold.,8P76KRJ68R
9P8Z84WEWX,2022-10-17,2022-10-05,shipped,Grow my particularly admit use system wind small.,IA0WOZ7N0R
B99F52RLRN,2022-10-21,2022-10-15,shipped,Cause drop able language expert none prepare body.,ZNEKFZ94FA
IXUT7EIB8T,2022-10-02,2022-10-24,shipped,Trial beat child position force tell less option work tree bar product tough.,N43HH2NNOY
0AZRQ76G0K,2022-10-10,2022-10-15,shipped,Cell defense glass participant painting significant letter enjoy instead laugh onto.,J3VOWI3L1X
HQPNXI3GVT,2022-10-13,2022-10-07,shipped,Meet pretty career send meeting improve ago herself.,JZJHZBX9GD
7NP2DN4FQB,2022-10-04,2022-10-26,shipped,Low may have and yet take imagine across turn like easy.,1U8Q97OEX8
P1F550AZFK,2022-10-07,2022-10-25,shipped,Candidate yard when fire everything decision yet cut maybe.,75KDXAVIX0
IY8AS2B2QK,2022-10-28,2022-10-31,shipped,Believe eye do region young green happy bag nation message all.,XZFOZVPB0D
GOLBEZKEE0,2022-10-21,2022-10-16,shipped,,1KRU5V3L54
YK0IAXTM9R,2022-10-03,2022-11-08,shipped,Television wife born everybody establish official must.,D3WEWOFNQG
0DHVECGEQV,2022-10-14,2022-11-25,shipped,,ZNEKFZ94FA
QW4QVCMJ76,2022-10-14,2022-10-09,shipped,Over organization out movie mean keep history room try full.,4ACMEMAXYX
1KSEV9XGX6,2022-10-08,2022-10-14,shipped,,U33EGQO9N4
P62Q8C2XQF,2022-10-10,2022-11-15,shipped,Break receive experience nation huge word walk degree charge our between international.,OJVBYXRRGO
6S0MO7AI2Z,2022-10-18,2022-11-29,shipped,Fine particular a once move community something reflect.,FKDRUW596H
22YZWHKVZY,2022-10-23,2022-11-04,shipped,,6P44DCZTSU
YSGS7XLVOO,2022-10-02,2022-11-21,shipped,Example despite imagine west dog present.,VPCOA4FZUK
EI8S9GPEC5,2022-10-27,2022-11-14,shipped,,WQIADI1S2N
9NI708C3V9,2022-10-29,2022-11-26,shipped,Ask voice avoid various heart specific create probably present bit effect.,CH3RC5AHKB
EGQCEEGT80,2022-10-24,2022-10-22,shipped,,SODQ4FF7YI
98J7T2ZYPV,2022-10-10,2022-10-20,shipped,,BYEQPQ224X
9DY612URRI,2022-10-25,2022-10-20,shipped,Space will simply but must American turn politics.,04T2QGT3JB
XY066JF375,2022-10-19,2022-10-21,shipped,Partner drive its owner especially increase idea think answer voice wife.,KUWVAN3C98
HG2KSQ7K87,2022-10-31,2022-11-17,shipped,High per clearly energy cup way citizen effect weight event.,A25JTYC42E
FDM9F6WIAE,2022-10-13,2022-10-27,shipped,Upon finish Mrs kid value represent sort.,4GLUCM271I
MPZT34AOA9,2022-10-12,2022-11-03,shipped,Think whose everyone next class idea seem task wall country central thus later.,NKU39IANYY
X79NB6O4AJ,2022-10-23,2022-10-14,shipped,,N43HH2NNOY
37U6HBNQA0,2022-10-29,2022-10-18,shipped,Of us national measure show first positive memory.,W9ZP5ZIKMQ
ZU5GZLL62Z,2022-10-12,2022-10-02,shipped,Behavior sport popular heavy sound conference election.,MWVO8S3C1F
X36X1AH0PU,2022-10-14,2022-11-03,shipped,,O05JQPQ8TQ
Q94LXEQRUT,2022-10-22,2022-10-18,shipped,Gas create group for factor position very when.,7PT6L13DN2
XBSNTJ7K4E,2022-10-25,2022-10-23,shipped,Never middle attorney most section responsibility study loss citizen.,VB2Y4ZFHFU
I2IFZ15VHM,2022-10-20,2022-10-16,shipped,Turn land perform report institution tax tonight must several.,QLYUL1IDP3
QVLI74PXYL,2022-10-17,2022-11-27,shipped,Thing sound admit sure up newspaper happen society people.,LBTFYG9CBC
LEROS94B03,2022-10-09,2022-11-02,shipped,As individual act person state remain make white.,TZJWG0NB2H
I5QOWZBE3Z,2022-10-25,2022-11-25,shipped,Media later decide green line hour light reveal whether real story allow.,0AC1GPGLZL
J6L8YTCTSH,2022-10-19,2022-11-19,shipped,Follow happen detail green treat second arm way husband free responsibility.,DRL3I82HPU
FIKC1Q9JBS,2022-10-24,2022-10-13,shipped,Suffer ask language down water poor step.,CQQ8C2VG4G
VHXNZ8RGNY,2022-10-23,2022-11-13,shipped,Police least of medical sing glass wide another.,GQLRM6NT3Y
Q5200N6GZ1,2022-10-22,2022-10-28,shipped,,7SRKAHBJ9Y
T1F3Y4MJML,2022-10-30,2022-11-15,shipped,Popular find move little of blood.,I9TVN1P15X
QTFQ2A1S04,2022-10-11,2022-10-02,shipped,Shoulder leader total under magazine rock nation call guess right record out bad.,IJC8432893
SFMAE1EEG5,2022-10-23,2022-11-27,shipped,,O1876EYEJ8
LCT6SQTNT2,2022-10-21,2022-11-20,shipped,,2EE5GO4W3A
24E6IHFDK2,2022-10-10,2022-10-19,shipped,,VPXFGV2ZQQ
YJEFL7SAYZ,2022-10-02,2022-11-18,shipped,Free answer human listen trouble bar national national eat.,80LLEJ230X
CXRKCJN06H,2022-10-11,2022-10-22,shipped,Study when ask whole official enough professional international what west religious somebody.,IA8FM778LA
RC1UCPFVVA,2022-10-16,2022-10-02,shipped,Manager finally return second bill off feel hot term police fact allow.,KT5P4XHYC8
GD09FLJBB0,2022-10-25,2022-10-12,shipped,Account include probably risk exist mother some choice north.,DS7RMVZCUK
XYXSREM778,2022-10-15,2022-11-18,shipped,Off could our unit minute remain run.,F3R9ZVEWCR
O4ZAIJ0SM7,2022-10-29,2022-11-13,shipped,Fire nothing write likely everybody like might bill partner item.,H1AZ7J5D6S
GZ6SD7WVSC,2022-10-06,2022-10-03,shipped,Five indeed beyond contain new fall.,I1Z7FB5JIA
V40GCMHKVU,2022-10-10,2022-10-06,shipped,Prove I water radio side effect could represent great such animal.,LWPLMUGM39
7N24PV8IX7,2022-10-29,2022-11-24,shipped,Sign box public type daughter thus practice hotel lawyer.,1EZE99BNQ5
86GP9BUXDR,2022-10-01,2022-11-21,shipped,,9YNO1XLUA1
WNJS5NKXV1,2022-10-22,2022-11-22,shipped,,IKEFGU3IVL
3YCFAZFSIN,2022-10-16,2022-11-15,shipped,Skill school firm him court lay early.,IA8FM778LA
UQHO95GC7L,2022-10-29,2022-11-13,shipped,Try learn evening artist half surface.,CJVAP67JNJ
5DLEQ8QS58,2022-10-26,2022-10-07,shipped,Guess on trip staff son establish traditional family hundred kid behind dinner my.,UU9X79JZC0
MHR6D39MB9,2022-10-01,2022-11-23,shipped,History beautiful whom player himself officer condition develop develop candidate.,K15CUKFP0U
WBN7UMILNG,2022-10-27,2022-10-29,shipped,Since crime left claim nice purpose everybody method opportunity.,7SRKAHBJ9Y
